DATE,TIME,ZIP CODE,LATITUDE,LONGITUDE,LOCATION,ON STREET NAME,CROSS STREET NAME,OFF STREET NAME,NUMBER OF PERSONS INJURED,NUMBER OF PERSONS KILLED,NUMBER OF PEDESTRIANS INJURED,NUMBER OF PEDESTRIANS KILLED,NUMBER OF CYCLIST INJURED,NUMBER OF CYCLIST KILLED,NUMBER OF MOTORIST INJURED,NUMBER OF MOTORIST KILLED,CONTRIBUTING FACTOR VEHICLE 1,CONTRIBUTING FACTOR VEHICLE 2,CONTRIBUTING FACTOR VEHICLE 3,CONTRIBUTING FACTOR VEHICLE 4,CONTRIBUTING FACTOR VEHICLE 5,COLLISION_ID,VEHICLE TYPE CODE 1,VEHICLE TYPE CODE 2,VEHICLE TYPE CODE 3,VEHICLE TYPE CODE 4,VEHICLE TYPE CODE 5
08/03/2013,18:00,11223,40.5914514,-73.9765134,POINT (-73.9765134 40.5914514),86 STREET,WEST 6 STREET,,0,0,0,0,0,0,0,0,Driver Inattention/Distraction,Unspecified,,,,115333,SPORT UTILITY / STATION WAGON,PASSENGER VEHICLE,,,
08/10/2013,11:20,,,,,SEABURY STREET,54 AVENUE,,0,0,0,0,0,0,0,0,Driver Inattention/Distraction,Unspecified,,,,257822,PASSENGER VEHICLE,PASSENGER VEHICLE,,,
07/19/2013,17:30,10453,40.8618642,-73.9127392,POINT (-73.9127392 40.8618642),WEST FORDHAM ROAD,MAJOR DEEGAN EXPRESSWAY,,2,0,0,0,0,0,2,0,Unspecified,Unspecified,,,,111939,PASSENGER VEHICLE,SPORT UTILITY / STATION WAGON,,,
07/19/2013,17:10,11372,40.7497446,-73.8843088,POINT (-73.8843088 40.7497446),37 AVENUE,82 STREET,,0,0,0,0,0,0,0,0,Unspecified,Unspecified,,,,282673,PASSENGER VEHICLE,PASSENGER VEHICLE,,,
07/29/2013,10:30,10022,40.7615508,-73.9665842,POINT (-73.9665842 40.7615508),EAST 59 STREET,3 AVENUE,,0,0,0,0,0,0,0,0,Fatigued/Drowsy,Unspecified,,,,35637,SPORT UTILITY / STATION WAGON,SPORT UTILITY / STATION WAGON,,,
08/14/2013,8:14,10016,40.74478,-73.9758819,POINT (-73.9758819 40.74478),EAST 34 STREET,2 AVENUE,,0,0,0,0,0,0,0,0,Unspecified,Unspecified,,,,36801,PICK-UP TRUCK,PASSENGER VEHICLE,,,
07/22/2013,17:00,11203,40.6439584,-73.937286,POINT (-73.937286 40.6439584),EAST 42 STREET,CLARENDON ROAD,,1,0,1,0,0,0,0,0,Unspecified,,,,,138638,PASSENGER VEHICLE,,,,
08/01/2013,16:20,10035,40.7999787,-73.9427338,POINT (-73.9427338 40.7999787),EAST 117 STREET,PARK AVENUE,,1,0,0,0,0,0,1,0,Unspecified,Unspecified,,,,61247,SPORT UTILITY / STATION WAGON,SPORT UTILITY / STATION WAGON,,,
08/10/2013,20:00,,,,,,,,0,0,0,0,0,0,0,0,Failure to Yield Right-of-Way,Failure to Yield Right-of-Way,Failure to Yield Right-of-Way,,,2927565,PASSENGER VEHICLE,PASSENGER VEHICLE,PASSENGER VEHICLE,,
07/26/2013,21:05,10014,40.7260711,-74.0099072,POINT (-74.0099072 40.7260711),SPRING STREET,WASHINGTON STREET,,0,0,0,0,0,0,0,0,Driver Inattention/Distraction,Unspecified,,,,3370,LIVERY VEHICLE,PASSENGER VEHICLE,,,
08/07/2013,19:00,,40.8448058,-73.8371912,POINT (-73.8371912 40.8448058),,,,0,0,0,0,0,0,0,0,Unspecified,,,,,2913412,LARGE COM VEH(6 OR MORE TIRES),,,,
07/23/2013,11:30,,,,,ROCKAWAY PARKWAY,SHORE PARKWAY,,0,0,0,0,0,0,0,0,Unspecified,Unspecified,,,,146430,PASSENGER VEHICLE,PASSENGER VEHICLE,,,
08/01/2013,19:10,11377,40.7429437,-73.9168429,POINT (-73.9168429 40.7429437),48 STREET,QUEENS BOULEVARD,,0,0,0,0,0,0,0,0,Unspecified,Unspecified,,,,242998,VAN,PASSENGER VEHICLE,,,
07/26/2013,6:15,11225,40.6697798,-73.9582923,POINT (-73.9582923 40.6697798),FRANKLIN AVENUE,UNION STREET,,0,0,0,0,0,0,0,0,Driver Inexperience,Unspecified,,,,154478,UNKNOWN,PASSENGER VEHICLE,,,
07/27/2013,11:42,11231,40.6836566,-74.0058194,POINT (-74.0058194 40.6836566),VAN BRUNT STREET,CARROLL STREET,,0,0,0,0,0,0,0,0,Unspecified,Unspecified,,,,171897,PASSENGER VEHICLE,PASSENGER VEHICLE,,,
08/08/2013,18:01,,,,,AVENUE M,EAST 65 STREET,,1,0,0,0,0,0,1,0,Unspecified,Unspecified,,,,128382,PASSENGER VEHICLE,PASSENGER VEHICLE,,,
08/13/2013,9:00,11201,40.6922774,-73.9881866,POINT (-73.9881866 40.6922774),WILLOUGHBY STREET,PEARL STREET,,0,0,0,0,0,0,0,0,Unspecified,Unspecified,,,,190212,PASSENGER VEHICLE,UNKNOWN,,,
07/20/2013,23:00,10032,40.8392323,-73.9455442,POINT (-73.9455442 40.8392323),RIVERSIDE DRIVE,WEST 163 STREET,,0,0,0,0,0,0,0,0,Unspecified,Unspecified,,,,69309,PASSENGER VEHICLE,UNKNOWN,,,
07/28/2013,5:10,10016,40.7471531,-73.9854954,POINT (-73.9854954 40.7471531),EAST 32 STREET,5 AVENUE,,0,1,0,1,0,0,0,0,Unspecified,,,,,29789,PASSENGER VEHICLE,,,,
07/25/2013,18:40,11102,40.7742135,-73.9318162,POINT (-73.9318162 40.7742135),8 STREET,27 AVENUE,,1,0,1,0,0,0,0,0,Unspecified,Unspecified,,,,276855,PASSENGER VEHICLE,SPORT UTILITY / STATION WAGON,,,
