<project xmlns="http://maven.apache.org/POM/4.0.0"
	xmlns:xsi="http://www.w3.org/2001/XMLSchema-instance"
	xsi:schemaLocation="http://maven.apache.org/POM/4.0.0 
	http://maven.apache.org/maven-v4_0_0.xsd">
	
	<modelVersion>4.0.0</modelVersion>
	
	<groupId>put.io</groupId>
	<artifactId>BankZbozowyApp</artifactId>
	
	<packaging>war</packaging>
	
	<version>1.0</version>
	<name>Bank Zbozowy</name>
	
	<build>
		<finalName>BankZbozowyApp</finalName>
	</build>

	<properties>
  		<maven.compiler.target>1.8</maven.compiler.target>
  		<maven.compiler.source>1.8</maven.compiler.source>
	</properties>

</project>
